origin,destination,count,color
AEX_116,BTR_117,42,red
LCH_64,BTR_65,41,red
LCH_66,BTR_67,44,red
LCH_79,BTR_80,48,red
LFT_1,BTR_2,779,red
LFT_2,BTR_3,675,red
LFT_3,BTR_4,877,red
LFT_4,BTR_5,794,red
LFT_5,BTR_6,1021,red
LFT_6,BTR_7,1120,red
LFT_7,BTR_8,855,red
LFT_8,BTR_9,1025,red
LFT_9,BTR_10,797,red
LFT_10,BTR_11,1013,red
LFT_11,BTR_12,763,red
LFT_12,BTR_13,558,red
LFT_13,BTR_14,754,red
LFT_14,BTR_15,819,red
LFT_15,BTR_16,778,red
LFT_16,BTR_17,782,red
LFT_17,BTR_18,998,red
LFT_18,BTR_19,1259,red
LFT_19,BTR_20,1235,red
LFT_20,BTR_21,1018,red
LFT_21,BTR_22,955,red
LFT_22,BTR_23,936,red
LFT_23,BTR_24,901,red
LFT_24,BTR_25,354,red
LFT_25,BTR_26,78,red
LFT_26,BTR_27,21,red
LFT_27,BTR_28,114,red
LFT_32,BTR_33,86,red
LFT_34,BTR_35,45,red
LFT_35,BTR_36,28,red
LFT_69,BTR_70,27,red
LFT_83,BTR_84,25,red
LFT_86,BTR_87,20,red
LFT_90,BTR_91,43,red
LFT_96,BTR_97,145,red
MLU_65,BTR_66,94,red
MLU_67,BTR_68,243,red
MLU_68,BTR_69,279,red
MLU_69,BTR_70,335,red
MLU_70,BTR_71,284,red
MLU_71,BTR_72,360,red
MLU_72,BTR_73,278,red
MLU_73,BTR_74,308,red
MLU_74,BTR_75,331,red
MLU_75,BTR_76,435,red
MLU_76,BTR_77,448,red
MLU_77,BTR_78,434,red
MLU_78,BTR_79,40,red
MLU_79,BTR_80,353,red
MLU_80,BTR_81,383,red
MLU_81,BTR_82,362,red
MLU_82,BTR_83,457,red
MLU_83,BTR_84,369,red
MLU_84,BTR_85,371,red
MLU_85,BTR_86,310,red
MLU_86,BTR_87,330,red
MLU_87,BTR_88,326,red
MLU_88,BTR_89,383,red
MLU_89,BTR_90,375,red
MLU_90,BTR_91,343,red
MLU_91,BTR_92,77,red
MLU_102,BTR_103,61,red
MLU_116,BTR_117,24,red
MSY_1,BTR_2,534,red
MSY_2,BTR_3,335,red
MSY_3,BTR_4,531,red
MSY_4,BTR_5,430,red
MSY_5,BTR_6,521,red
MSY_6,BTR_7,481,red
MSY_7,BTR_8,574,red
MSY_8,BTR_9,647,red
MSY_9,BTR_10,250,red
MSY_10,BTR_11,24,red
MSY_12,BTR_13,75,red
MSY_15,BTR_16,76,red
MSY_18,BTR_19,119,red
MSY_19,BTR_20,344,red
MSY_20,BTR_21,466,red
MSY_21,BTR_22,294,red
MSY_23,BTR_24,32,red
MSY_24,BTR_25,16,red
MSY_26,BTR_27,8,red
MSY_30,BTR_31,123,red
MSY_37,BTR_38,94,red
MSY_39,BTR_40,36,red
MSY_40,BTR_41,38,red
MSY_42,BTR_43,44,red
MSY_49,BTR_50,19,red
MSY_58,BTR_59,68,red
MSY_61,BTR_62,43,red
MSY_63,BTR_64,210,red
MSY_64,BTR_65,54,red
MSY_67,BTR_68,740,red
MSY_68,BTR_69,854,red
MSY_69,BTR_70,785,red
MSY_70,BTR_71,818,red
MSY_71,BTR_72,909,red
MSY_72,BTR_73,854,red
MSY_73,BTR_74,969,red
MSY_74,BTR_75,705,red
MSY_75,BTR_76,724,red
MSY_76,BTR_77,766,red
MSY_77,BTR_78,900,red
MSY_78,BTR_79,738,red
MSY_79,BTR_80,710,red
MSY_80,BTR_81,710,red
MSY_81,BTR_82,542,red
MSY_82,BTR_83,729,red
MSY_83,BTR_84,604,red
MSY_84,BTR_85,731,red
MSY_85,BTR_86,639,red
MSY_86,BTR_87,546,red
MSY_87,BTR_88,623,red
MSY_88,BTR_89,599,red
MSY_89,BTR_90,693,red
MSY_90,BTR_91,669,red
MSY_93,BTR_94,120,red
MSY_95,BTR_96,146,red
MSY_102,BTR_103,131,red
MSY_108,BTR_109,142,red
MSY_109,BTR_110,47,red
MSY_114,BTR_115,69,red
MSY_117,BTR_118,28,red
MSY_118,BTR_119,3,red
SHV_1,BTR_2,1213,red
SHV_2,BTR_3,1279,red
SHV_3,BTR_4,1285,red
SHV_4,BTR_5,1220,red
SHV_5,BTR_6,1337,red
SHV_6,BTR_7,1367,red
SHV_7,BTR_8,1620,red
SHV_8,BTR_9,1466,red
SHV_9,BTR_10,1193,red
SHV_10,BTR_11,1135,red
SHV_11,BTR_12,1078,red
SHV_12,BTR_13,891,red
SHV_13,BTR_14,657,red
SHV_14,BTR_15,966,red
SHV_15,BTR_16,844,red
SHV_16,BTR_17,833,red
SHV_17,BTR_18,1022,red
SHV_18,BTR_19,1154,red
SHV_19,BTR_20,1158,red
SHV_20,BTR_21,1019,red
SHV_21,BTR_22,897,red
SHV_22,BTR_23,1323,red
SHV_23,BTR_24,1203,red
SHV_24,BTR_25,1440,red
SHV_25,BTR_26,990,red
SHV_26,BTR_27,1269,red
SHV_27,BTR_28,1407,red
SHV_28,BTR_29,1150,red
SHV_29,BTR_30,1464,red
SHV_30,BTR_31,1821,red
SHV_31,BTR_32,2232,red
SHV_32,BTR_33,1861,red
SHV_33,BTR_34,1352,red
SHV_34,BTR_35,1385,red
SHV_35,BTR_36,1453,red
SHV_36,BTR_37,1391,red
SHV_37,BTR_38,1112,red
SHV_38,BTR_39,1071,red
SHV_39,BTR_40,1197,red
SHV_40,BTR_41,213,red
SHV_65,BTR_66,4,red
SHV_67,BTR_68,301,red
SHV_68,BTR_69,355,red
SHV_69,BTR_70,311,red
SHV_70,BTR_71,406,red
SHV_71,BTR_72,392,red
SHV_72,BTR_73,408,red
SHV_73,BTR_74,573,red
SHV_74,BTR_75,236,red
AEX_90,LCH_91,22,red
AEX_103,LCH_104,33,red
AEX_106,LCH_107,11,red
AEX_107,LCH_108,16,red
AEX_110,LCH_111,8,red
AEX_119,LCH_120,13,red
BTR_61,LCH_62,50,red
BTR_62,LCH_63,12,red
BTR_68,LCH_69,17,red
BTR_73,LCH_74,33,red
BTR_79,LCH_80,27,red
BTR_97,LCH_98,29,red
BTR_103,LCH_104,45,red
BTR_104,LCH_105,51,red
BTR_115,LCH_116,22,red
ESF_71,LCH_72,23,red
LFT_42,LCH_43,34,red
LFT_62,LCH_63,20,red
LFT_66,LCH_67,23,red
LFT_70,LCH_71,1,red
LFT_89,LCH_90,45,red
LFT_119,LCH_120,13,red
MLU_104,LCH_105,13,red
MLU_106,LCH_107,35,red
MLU_119,LCH_120,13,red
MSY_104,LCH_105,100,red
SHV_62,LCH_63,8,red
SHV_90,LCH_91,11,red
AEX_82,LFT_83,23,red
AEX_87,LFT_88,19,red
AEX_92,LFT_93,9,red
AEX_118,LFT_119,22,red
BTR_1,LFT_2,830,red
BTR_2,LFT_3,697,red
BTR_3,LFT_4,867,red
BTR_4,LFT_5,1018,red
BTR_5,LFT_6,788,red
BTR_6,LFT_7,399,red
BTR_7,LFT_8,152,red
BTR_8,LFT_9,136,red
BTR_9,LFT_10,97,red
BTR_10,LFT_11,71,red
BTR_11,LFT_12,99,red
BTR_14,LFT_15,107,red
BTR_15,LFT_16,29,red
BTR_18,LFT_19,25,red
BTR_19,LFT_20,105,red
BTR_21,LFT_22,103,red
BTR_25,LFT_26,20,red
BTR_26,LFT_27,33,red
BTR_27,LFT_28,20,red
BTR_30,LFT_31,32,red
BTR_31,LFT_32,88,red
BTR_32,LFT_33,24,red
BTR_33,LFT_34,64,red
BTR_34,LFT_35,41,red
BTR_36,LFT_37,109,red
BTR_41,LFT_42,51,red
BTR_45,LFT_46,76,red
BTR_49,LFT_50,59,red
BTR_52,LFT_53,55,red
BTR_69,LFT_70,69,red
BTR_83,LFT_84,15,red
BTR_86,LFT_87,36,red
BTR_95,LFT_96,4,red
BTR_96,LFT_97,12,red
BTR_112,LFT_113,31,red
BTR_118,LFT_119,37,red
ESF_51,LFT_52,32,red
ESF_70,LFT_71,25,red
ESF_73,LFT_74,43,red
LCH_45,LFT_46,13,red
LCH_52,LFT_53,23,red
LCH_65,LFT_66,22,red
LCH_66,LFT_67,43,red
LCH_68,LFT_69,14,red
LCH_78,LFT_79,20,red
LCH_82,LFT_83,7,red
LCH_90,LFT_91,39,red
LCH_91,LFT_92,45,red
LCH_113,LFT_114,44,red
LCH_117,LFT_118,17,red
LCH_119,LFT_120,17,red
MLU_109,LFT_110,14,red
MSY_2,LFT_3,119,red
MSY_12,LFT_13,77,red
MSY_56,LFT_57,51,red
MSY_62,LFT_63,26,red
MSY_71,LFT_72,100,red
MSY_76,LFT_77,29,red
MSY_89,LFT_90,143,red
MSY_114,LFT_115,115,red
SHV_61,LFT_62,9,red
SHV_109,LFT_110,23,red
AEX_80,MLU_81,21,red
AEX_81,MLU_82,12,red
AEX_82,MLU_83,16,red
AEX_83,MLU_84,13,red
AEX_84,MLU_85,4,red
AEX_85,MLU_86,6,red
AEX_90,MLU_91,14,red
AEX_103,MLU_104,18,red
BTR_67,MLU_68,91,red
BTR_68,MLU_69,135,red
BTR_69,MLU_70,118,red
BTR_70,MLU_71,151,red
BTR_71,MLU_72,135,red
BTR_72,MLU_73,102,red
BTR_73,MLU_74,130,red
BTR_74,MLU_75,73,red
BTR_75,MLU_76,85,red
BTR_76,MLU_77,167,red
BTR_77,MLU_78,100,red
BTR_78,MLU_79,7,red
BTR_79,MLU_80,67,red
BTR_80,MLU_81,85,red
BTR_81,MLU_82,67,red
BTR_82,MLU_83,103,red
BTR_83,MLU_84,77,red
BTR_84,MLU_85,82,red
BTR_85,MLU_86,100,red
BTR_86,MLU_87,95,red
BTR_87,MLU_88,83,red
BTR_88,MLU_89,419,red
BTR_89,MLU_90,404,red
BTR_90,MLU_91,349,red
BTR_113,MLU_114,17,red
ESF_37,MLU_38,11,red
ESF_47,MLU_48,14,red
ESF_61,MLU_62,437,red
ESF_62,MLU_63,383,red
ESF_63,MLU_64,515,red
ESF_64,MLU_65,509,red
ESF_65,MLU_66,553,red
ESF_66,MLU_67,534,red
ESF_67,MLU_68,468,red
ESF_68,MLU_69,592,red
ESF_69,MLU_70,445,red
ESF_70,MLU_71,530,red
ESF_71,MLU_72,592,red
ESF_72,MLU_73,522,red
ESF_73,MLU_74,597,red
ESF_74,MLU_75,504,red
ESF_75,MLU_76,303,red
ESF_76,MLU_77,248,red
ESF_77,MLU_78,284,red
ESF_78,MLU_79,275,red
ESF_79,MLU_80,47,red
ESF_80,MLU_81,40,red
LFT_82,MLU_83,21,red
MSY_62,MLU_63,6,red
MSY_70,MLU_71,5,red
MSY_75,MLU_76,17,red
MSY_76,MLU_77,52,red
MSY_82,MLU_83,4,red
MSY_83,MLU_84,7,red
MSY_85,MLU_86,5,red
MSY_86,MLU_87,7,red
MSY_87,MLU_88,5,red
MSY_88,MLU_89,2,red
MSY_90,MLU_91,5,red
SHV_1,MLU_2,3533,red
SHV_2,MLU_3,2849,red
SHV_3,MLU_4,3881,red
SHV_4,MLU_5,3497,red
SHV_5,MLU_6,3585,red
SHV_6,MLU_7,4654,red
SHV_7,MLU_8,4564,red
SHV_8,MLU_9,4603,red
SHV_9,MLU_10,3294,red
SHV_10,MLU_11,3502,red
SHV_11,MLU_12,3611,red
SHV_12,MLU_13,3906,red
SHV_13,MLU_14,3243,red
SHV_14,MLU_15,2699,red
SHV_15,MLU_16,3457,red
SHV_16,MLU_17,3597,red
SHV_17,MLU_18,3721,red
SHV_18,MLU_19,4534,red
SHV_19,MLU_20,5022,red
SHV_20,MLU_21,4578,red
SHV_21,MLU_22,3610,red
SHV_22,MLU_23,3912,red
SHV_23,MLU_24,3772,red
SHV_24,MLU_25,3972,red
SHV_25,MLU_26,3017,red
SHV_26,MLU_27,2852,red
SHV_27,MLU_28,3677,red
SHV_28,MLU_29,3382,red
SHV_29,MLU_30,3963,red
SHV_30,MLU_31,5417,red
SHV_31,MLU_32,6508,red
SHV_32,MLU_33,6099,red
SHV_33,MLU_34,4369,red
SHV_34,MLU_35,4151,red
SHV_35,MLU_36,3823,red
SHV_36,MLU_37,4312,red
SHV_37,MLU_38,3281,red
SHV_38,MLU_39,3366,red
SHV_39,MLU_40,4322,red
SHV_40,MLU_41,4006,red
SHV_41,MLU_42,4438,red
SHV_42,MLU_43,4640,red
SHV_43,MLU_44,5063,red
SHV_44,MLU_45,4802,red
SHV_45,MLU_46,4123,red
SHV_46,MLU_47,4159,red
SHV_47,MLU_48,4130,red
SHV_48,MLU_49,4035,red
SHV_49,MLU_50,3487,red
SHV_50,MLU_51,2980,red
SHV_51,MLU_52,4147,red
SHV_52,MLU_53,3691,red
SHV_53,MLU_54,4070,red
SHV_54,MLU_55,4708,red
SHV_55,MLU_56,4720,red
SHV_56,MLU_57,4351,red
SHV_57,MLU_58,3161,red
SHV_58,MLU_59,2788,red
SHV_59,MLU_60,3056,red
SHV_60,MLU_61,3095,red
SHV_61,MLU_62,2624,red
SHV_62,MLU_63,2298,red
SHV_63,MLU_64,2839,red
SHV_64,MLU_65,2734,red
SHV_65,MLU_66,3103,red
SHV_66,MLU_67,3398,red
SHV_67,MLU_68,3360,red
SHV_68,MLU_69,3198,red
SHV_69,MLU_70,2849,red
SHV_70,MLU_71,3061,red
SHV_71,MLU_72,3170,red
SHV_72,MLU_73,4978,red
SHV_73,MLU_74,4370,red
SHV_74,MLU_75,4174,red
SHV_75,MLU_76,4840,red
SHV_76,MLU_77,4795,red
SHV_77,MLU_78,5784,red
SHV_78,MLU_79,6343,red
SHV_79,MLU_80,6441,red
SHV_80,MLU_81,6108,red
SHV_81,MLU_82,5067,red
SHV_82,MLU_83,5416,red
SHV_83,MLU_84,5668,red
SHV_84,MLU_85,4747,red
SHV_85,MLU_86,4376,red
SHV_86,MLU_87,3896,red
SHV_87,MLU_88,4843,red
SHV_88,MLU_89,4294,red
SHV_89,MLU_90,4663,red
SHV_90,MLU_91,4814,red
SHV_91,MLU_92,5174,red
SHV_92,MLU_93,4762,red
SHV_93,MLU_94,3993,red
SHV_94,MLU_95,4185,red
SHV_95,MLU_96,4054,red
SHV_96,MLU_97,4266,red
SHV_97,MLU_98,3901,red
SHV_98,MLU_99,3463,red
SHV_99,MLU_100,4522,red
SHV_100,MLU_101,4202,red
SHV_101,MLU_102,4487,red
SHV_102,MLU_103,5101,red
SHV_103,MLU_104,5541,red
SHV_104,MLU_105,5016,red
SHV_105,MLU_106,4457,red
SHV_106,MLU_107,4373,red
SHV_107,MLU_108,4186,red
SHV_108,MLU_109,4075,red
SHV_109,MLU_110,4019,red
SHV_110,MLU_111,3556,red
SHV_111,MLU_112,4388,red
SHV_112,MLU_113,4200,red
SHV_113,MLU_114,4227,red
SHV_114,MLU_115,4675,red
SHV_115,MLU_116,4824,red
SHV_116,MLU_117,4219,red
SHV_117,MLU_118,3765,red
SHV_118,MLU_119,4039,red
SHV_119,MLU_120,4095,red
SHV_120,MLU_121,4158,red
AEX_88,SHV_89,16,red
AEX_92,SHV_93,31,red
AEX_94,SHV_95,1,red
AEX_99,SHV_100,2,red
AEX_109,SHV_110,15,red
BTR_10,SHV_11,1003,red
BTR_11,SHV_12,1144,red
BTR_12,SHV_13,1108,red
BTR_13,SHV_14,929,red
BTR_14,SHV_15,1110,red
BTR_15,SHV_16,959,red
BTR_16,SHV_17,1041,red
BTR_17,SHV_18,1317,red
BTR_18,SHV_19,1186,red
BTR_19,SHV_20,1306,red
BTR_20,SHV_21,1221,red
BTR_21,SHV_22,1038,red
BTR_22,SHV_23,1207,red
BTR_23,SHV_24,1333,red
BTR_24,SHV_25,1575,red
BTR_25,SHV_26,1090,red
BTR_26,SHV_27,1277,red
BTR_27,SHV_28,1489,red
BTR_28,SHV_29,1316,red
BTR_29,SHV_30,1522,red
BTR_30,SHV_31,1988,red
BTR_31,SHV_32,2294,red
BTR_32,SHV_33,1968,red
BTR_33,SHV_34,1302,red
BTR_34,SHV_35,1313,red
BTR_35,SHV_36,1372,red
BTR_36,SHV_37,1650,red
BTR_37,SHV_38,1121,red
BTR_38,SHV_39,896,red
BTR_39,SHV_40,1090,red
BTR_40,SHV_41,92,red
BTR_62,SHV_63,17,red
BTR_63,SHV_64,34,red
BTR_67,SHV_68,93,red
BTR_68,SHV_69,122,red
BTR_69,SHV_70,86,red
BTR_70,SHV_71,122,red
BTR_71,SHV_72,92,red
BTR_72,SHV_73,68,red
BTR_73,SHV_74,92,red
BTR_74,SHV_75,32,red
BTR_80,SHV_81,94,red
BTR_92,SHV_93,105,red
BTR_96,SHV_97,68,red
BTR_114,SHV_115,32,red
COS_80,SHV_81,117,blue
COS_82,SHV_83,107,blue
COS_86,SHV_87,114,blue
COS_115,SHV_116,131,blue
ESF_78,SHV_79,8,red
GJT_25,SHV_26,119,blue
LCH_79,SHV_80,13,red
LCH_93,SHV_94,40,red
LFT_73,SHV_74,2,red
LFT_104,SHV_105,29,red
LFT_113,SHV_114,4,red
LFT_119,SHV_120,8,red
MLU_1,SHV_2,2519,red
MLU_2,SHV_3,2241,red
MLU_3,SHV_4,2693,red
MLU_4,SHV_5,2599,red
MLU_5,SHV_6,2861,red
MLU_6,SHV_7,3252,red
MLU_7,SHV_8,3758,red
MLU_8,SHV_9,3451,red
MLU_9,SHV_10,2582,red
MLU_10,SHV_11,2613,red
MLU_11,SHV_12,2507,red
MLU_12,SHV_13,3213,red
MLU_13,SHV_14,2480,red
MLU_14,SHV_15,2307,red
MLU_15,SHV_16,2777,red
MLU_16,SHV_17,2653,red
MLU_17,SHV_18,3167,red
MLU_18,SHV_19,3670,red
MLU_19,SHV_20,4104,red
MLU_20,SHV_21,3714,red
MLU_21,SHV_22,2748,red
MLU_22,SHV_23,3036,red
MLU_23,SHV_24,2854,red
MLU_24,SHV_25,3289,red
MLU_25,SHV_26,2592,red
MLU_26,SHV_27,2248,red
MLU_27,SHV_28,2947,red
MLU_28,SHV_29,2541,red
MLU_29,SHV_30,3289,red
MLU_30,SHV_31,3984,red
MLU_31,SHV_32,4046,red
MLU_32,SHV_33,4062,red
MLU_33,SHV_34,3159,red
MLU_34,SHV_35,3425,red
MLU_35,SHV_36,3064,red
MLU_36,SHV_37,3345,red
MLU_37,SHV_38,2572,red
MLU_38,SHV_39,2417,red
MLU_39,SHV_40,3254,red
MLU_40,SHV_41,3000,red
MLU_41,SHV_42,3610,red
MLU_42,SHV_43,3537,red
MLU_43,SHV_44,3919,red
MLU_44,SHV_45,3683,red
MLU_45,SHV_46,3331,red
MLU_46,SHV_47,3265,red
MLU_47,SHV_48,3015,red
MLU_48,SHV_49,3289,red
MLU_49,SHV_50,2564,red
MLU_50,SHV_51,2326,red
MLU_51,SHV_52,2957,red
MLU_52,SHV_53,2520,red
MLU_53,SHV_54,3201,red
MLU_54,SHV_55,3474,red
MLU_55,SHV_56,3770,red
MLU_56,SHV_57,3172,red
MLU_57,SHV_58,2358,red
MLU_58,SHV_59,2031,red
MLU_59,SHV_60,2138,red
MLU_60,SHV_61,2325,red
MLU_61,SHV_62,1808,red
MLU_62,SHV_63,1518,red
MLU_63,SHV_64,2158,red
MLU_64,SHV_65,1860,red
MLU_65,SHV_66,2587,red
MLU_66,SHV_67,2661,red
MLU_67,SHV_68,2689,red
MLU_68,SHV_69,2351,red
MLU_69,SHV_70,2149,red
MLU_70,SHV_71,2471,red
MLU_71,SHV_72,2410,red
MLU_72,SHV_73,3098,red
MLU_73,SHV_74,2411,red
MLU_74,SHV_75,2413,red
MLU_75,SHV_76,2982,red
MLU_76,SHV_77,3015,red
MLU_77,SHV_78,3406,red
MLU_78,SHV_79,3766,red
MLU_79,SHV_80,3623,red
MLU_80,SHV_81,3658,red
MLU_81,SHV_82,2993,red
MLU_82,SHV_83,3078,red
MLU_83,SHV_84,3227,red
MLU_84,SHV_85,3539,red
MLU_85,SHV_86,3047,red
MLU_86,SHV_87,2947,red
MLU_87,SHV_88,3753,red
MLU_88,SHV_89,3266,red
MLU_89,SHV_90,3688,red
MLU_90,SHV_91,3855,red
MLU_91,SHV_92,4302,red
MLU_92,SHV_93,3767,red
MLU_93,SHV_94,3070,red
MLU_94,SHV_95,3443,red
MLU_95,SHV_96,3431,red
MLU_96,SHV_97,3350,red
MLU_97,SHV_98,2887,red
MLU_98,SHV_99,2753,red
MLU_99,SHV_100,3593,red
MLU_100,SHV_101,3252,red
MLU_101,SHV_102,3797,red
MLU_102,SHV_103,4132,red
MLU_103,SHV_104,4710,red
MLU_104,SHV_105,3971,red
MLU_105,SHV_106,3720,red
MLU_106,SHV_107,3667,red
MLU_107,SHV_108,3506,red
MLU_108,SHV_109,3623,red
MLU_109,SHV_110,3309,red
MLU_110,SHV_111,3229,red
MLU_111,SHV_112,3739,red
MLU_112,SHV_113,3503,red
MLU_113,SHV_114,3807,red
MLU_114,SHV_115,3987,red
MLU_115,SHV_116,4389,red
MLU_116,SHV_117,3662,red
MLU_117,SHV_118,3434,red
MLU_118,SHV_119,3464,red
MLU_119,SHV_120,3688,red
MLU_120,SHV_121,3455,red
MSY_4,SHV_5,142,red
MSY_5,SHV_6,127,red
MSY_12,SHV_13,15,red
MSY_17,SHV_18,107,red
MSY_22,SHV_23,133,red
MSY_29,SHV_30,147,red
MSY_30,SHV_31,1,red
MSY_36,SHV_37,202,red
MSY_61,SHV_62,1370,red
MSY_62,SHV_63,1438,red
MSY_63,SHV_64,1553,red
MSY_64,SHV_65,1363,red
MSY_65,SHV_66,1413,red
MSY_66,SHV_67,1340,red
MSY_67,SHV_68,2096,red
MSY_68,SHV_69,2110,red
MSY_69,SHV_70,1962,red
MSY_70,SHV_71,2067,red
MSY_71,SHV_72,2050,red
MSY_72,SHV_73,1845,red
MSY_73,SHV_74,1561,red
MSY_74,SHV_75,1470,red
MSY_75,SHV_76,1571,red
MSY_76,SHV_77,1595,red
MSY_77,SHV_78,1650,red
MSY_78,SHV_79,1589,red
MSY_79,SHV_80,1456,red
MSY_80,SHV_81,1629,red
MSY_81,SHV_82,1613,red
MSY_82,SHV_83,1838,red
MSY_83,SHV_84,1385,red
MSY_84,SHV_85,1546,red
MSY_85,SHV_86,1326,red
MSY_86,SHV_87,1322,red
MSY_87,SHV_88,1787,red
MSY_88,SHV_89,1473,red
MSY_89,SHV_90,1474,red
MSY_90,SHV_91,1404,red
MSY_96,SHV_97,129,red
MSY_111,SHV_112,57,red
MSY_116,SHV_117,154,red
BTR_106,AEX_107,30,red
BTR_110,AEX_111,17,red
BTR_116,AEX_117,32,red
BTR_120,AEX_121,19,red
LFT_81,AEX_82,9,red
LFT_87,AEX_88,19,red
LFT_106,AEX_107,15,red
LFT_114,AEX_115,21,red
LFT_120,AEX_121,18,red
MLU_80,AEX_81,17,red
MLU_81,AEX_82,33,red
MLU_82,AEX_83,13,red
MLU_84,AEX_85,14,red
MLU_89,AEX_90,15,red
MLU_90,AEX_91,18,red
MLU_97,AEX_98,7,red
MLU_99,AEX_100,12,red
MLU_119,AEX_120,16,red
SHV_88,AEX_89,10,red
SHV_96,AEX_97,27,red
SHV_103,AEX_104,28,red
SHV_108,AEX_109,26,red
SHV_114,AEX_115,31,red
SHV_117,AEX_118,13,red
SHV_119,AEX_120,9,red
SHV_120,AEX_121,6,red
BTR_1,MSY_2,645,red
BTR_2,MSY_3,663,red
BTR_3,MSY_4,354,red
BTR_4,MSY_5,417,red
BTR_5,MSY_6,463,red
BTR_6,MSY_7,531,red
BTR_7,MSY_8,655,red
BTR_8,MSY_9,668,red
BTR_9,MSY_10,637,red
BTR_10,MSY_11,98,red
BTR_13,MSY_14,146,red
BTR_14,MSY_15,144,red
BTR_18,MSY_19,486,red
BTR_19,MSY_20,463,red
BTR_20,MSY_21,328,red
BTR_21,MSY_22,240,red
BTR_22,MSY_23,14,red
BTR_23,MSY_24,5,red
BTR_24,MSY_25,68,red
BTR_27,MSY_28,158,red
BTR_28,MSY_29,137,red
BTR_30,MSY_31,379,red
BTR_32,MSY_33,143,red
BTR_36,MSY_37,53,red
BTR_37,MSY_38,51,red
BTR_38,MSY_39,52,red
BTR_39,MSY_40,24,red
BTR_42,MSY_43,182,red
BTR_43,MSY_44,187,red
BTR_54,MSY_55,244,red
BTR_55,MSY_56,45,red
BTR_56,MSY_57,223,red
BTR_62,MSY_63,147,red
BTR_63,MSY_64,98,red
BTR_65,MSY_66,25,red
BTR_66,MSY_67,63,red
BTR_67,MSY_68,401,red
BTR_68,MSY_69,803,red
BTR_69,MSY_70,358,red
BTR_70,MSY_71,431,red
BTR_71,MSY_72,489,red
BTR_72,MSY_73,689,red
BTR_73,MSY_74,392,red
BTR_74,MSY_75,327,red
BTR_75,MSY_76,367,red
BTR_76,MSY_77,399,red
BTR_77,MSY_78,444,red
BTR_78,MSY_79,844,red
BTR_79,MSY_80,1024,red
BTR_80,MSY_81,569,red
BTR_81,MSY_82,295,red
BTR_82,MSY_83,326,red
BTR_83,MSY_84,449,red
BTR_84,MSY_85,418,red
BTR_85,MSY_86,283,red
BTR_86,MSY_87,593,red
BTR_87,MSY_88,319,red
BTR_88,MSY_89,639,red
BTR_89,MSY_90,918,red
BTR_90,MSY_91,658,red
BTR_92,MSY_93,146,red
BTR_93,MSY_94,72,red
BTR_102,MSY_103,86,red
BTR_103,MSY_104,462,red
BTR_104,MSY_105,361,red
BTR_108,MSY_109,137,red
BTR_109,MSY_110,260,red
BTR_111,MSY_112,135,red
BTR_113,MSY_114,6,red
BTR_114,MSY_115,86,red
BTR_116,MSY_117,242,red
BTR_117,MSY_118,183,red
BTR_118,MSY_119,76,red
BTR_119,MSY_120,73,red
COS_12,MSY_13,111,blue
ESF_65,MSY_66,17,red
LCH_13,MSY_14,112,red
LCH_30,MSY_31,83,red
LCH_117,MSY_118,115,red
LFT_2,MSY_3,11,red
LFT_13,MSY_14,130,red
LFT_15,MSY_16,30,red
LFT_16,MSY_17,156,red
LFT_29,MSY_30,92,red
LFT_30,MSY_31,66,red
LFT_36,MSY_37,146,red
LFT_61,MSY_62,9,red
LFT_63,MSY_64,41,red
LFT_68,MSY_69,42,red
LFT_80,MSY_81,78,red
LFT_88,MSY_89,53,red
LFT_109,MSY_110,269,red
LFT_116,MSY_117,80,red
MLU_62,MSY_63,6,red
MLU_69,MSY_70,4,red
MLU_83,MSY_84,14,red
MLU_84,MSY_85,4,red
MLU_85,MSY_86,8,red
MLU_87,MSY_88,11,red
MLU_88,MSY_89,8,red
MLU_89,MSY_90,10,red
SHV_1,MSY_2,76,red
SHV_3,MSY_4,52,red
SHV_12,MSY_13,93,red
SHV_13,MSY_14,139,red
SHV_15,MSY_16,157,red
SHV_16,MSY_17,65,red
SHV_25,MSY_26,14,red
SHV_30,MSY_31,105,red
SHV_35,MSY_36,78,red
SHV_55,MSY_56,54,red
SHV_61,MSY_62,1359,red
SHV_62,MSY_63,1461,red
SHV_63,MSY_64,1707,red
SHV_64,MSY_65,1384,red
SHV_65,MSY_66,1422,red
SHV_66,MSY_67,1285,red
SHV_67,MSY_68,1982,red
SHV_68,MSY_69,2076,red
SHV_69,MSY_70,1991,red
SHV_70,MSY_71,2053,red
SHV_71,MSY_72,1991,red
SHV_72,MSY_73,1767,red
SHV_73,MSY_74,1556,red
SHV_74,MSY_75,1510,red
SHV_75,MSY_76,1664,red
SHV_76,MSY_77,1618,red
SHV_77,MSY_78,1708,red
SHV_78,MSY_79,1571,red
SHV_79,MSY_80,1529,red
SHV_80,MSY_81,1690,red
SHV_81,MSY_82,1531,red
SHV_82,MSY_83,1787,red
SHV_83,MSY_84,1425,red
SHV_84,MSY_85,1540,red
SHV_85,MSY_86,1574,red
SHV_86,MSY_87,1433,red
SHV_87,MSY_88,1476,red
SHV_88,MSY_89,1593,red
SHV_89,MSY_90,1494,red
SHV_90,MSY_91,1459,red
SHV_97,MSY_98,66,red
SHV_102,MSY_103,78,red
SHV_104,MSY_105,51,red
SHV_117,MSY_118,197,red
SHV_118,MSY_119,184,red
SHV_119,MSY_120,12,red
COS_20,DRO_21,44,red
GJT_1,DRO_2,615,red
GJT_2,DRO_3,580,red
GJT_3,DRO_4,623,red
GJT_4,DRO_5,492,red
GJT_5,DRO_6,768,red
GJT_6,DRO_7,813,red
GJT_7,DRO_8,361,red
GJT_9,DRO_10,420,red
GJT_10,DRO_11,615,red
GJT_11,DRO_12,810,red
GJT_12,DRO_13,856,red
GJT_13,DRO_14,813,red
GJT_14,DRO_15,796,red
GJT_15,DRO_16,1400,red
GJT_16,DRO_17,869,red
GJT_17,DRO_18,882,red
GJT_18,DRO_19,757,red
GJT_19,DRO_20,578,red
MTJ_72,DRO_73,7,red
COS_75,GJT_76,755,red
COS_76,GJT_77,343,red
COS_77,GJT_78,180,red
COS_87,GJT_88,36,red
COS_90,GJT_91,142,red
COS_94,GJT_95,36,red
COS_96,GJT_97,19,red
COS_98,GJT_99,27,red
COS_99,GJT_100,30,red
COS_117,GJT_118,43,red
DRO_1,GJT_2,2450,red
DRO_2,GJT_3,2512,red
DRO_3,GJT_4,2657,red
DRO_4,GJT_5,2134,red
DRO_5,GJT_6,2266,red
DRO_6,GJT_7,3007,red
DRO_7,GJT_8,1732,red
DRO_9,GJT_10,630,red
DRO_10,GJT_11,877,red
DRO_11,GJT_12,920,red
DRO_12,GJT_13,1194,red
DRO_13,GJT_14,737,red
DRO_14,GJT_15,895,red
DRO_15,GJT_16,1346,red
DRO_16,GJT_17,1146,red
DRO_17,GJT_18,1087,red
DRO_18,GJT_19,1019,red
DRO_19,GJT_20,872,red
DRO_78,GJT_79,674,red
DRO_80,GJT_81,1813,red
DRO_82,GJT_83,1359,red
MSY_36,GJT_37,130,blue
MSY_84,GJT_85,116,blue
MTJ_1,GJT_2,318,red
MTJ_2,GJT_3,251,red
MTJ_3,GJT_4,293,red
MTJ_69,GJT_70,12,red
MTJ_71,GJT_72,4,red
MTJ_78,GJT_79,4,red
MTJ_81,GJT_82,7,red
MTJ_84,GJT_85,3,red
MTJ_88,GJT_89,17,red
SHV_75,GJT_76,119,blue
COS_88,MTJ_89,38,red
DRO_89,MTJ_90,10,red
GJT_1,MTJ_2,241,red
GJT_2,MTJ_3,338,red
GJT_3,MTJ_4,301,red
GJT_70,MTJ_71,9,red
GJT_74,MTJ_75,6,red
GJT_78,MTJ_79,26,red
GJT_79,MTJ_80,15,red
GJT_81,MTJ_82,39,red
GJT_88,MTJ_89,19,red
GJT_103,MTJ_104,6,red
GJT_105,MTJ_106,10,red
COS_1,PUB_2,2644,red
COS_2,PUB_3,2363,red
COS_3,PUB_4,2939,red
COS_4,PUB_5,2695,red
COS_5,PUB_6,2874,red
COS_6,PUB_7,3468,red
COS_7,PUB_8,3537,red
COS_8,PUB_9,3675,red
COS_9,PUB_10,2901,red
COS_10,PUB_11,2697,red
COS_11,PUB_12,2520,red
COS_12,PUB_13,3026,red
COS_13,PUB_14,2079,red
COS_14,PUB_15,2186,red
COS_15,PUB_16,2997,red
COS_16,PUB_17,2865,red
COS_17,PUB_18,2895,red
COS_18,PUB_19,3123,red
COS_19,PUB_20,3160,red
COS_20,PUB_21,2974,red
COS_21,PUB_22,1824,red
COS_22,PUB_23,844,red
COS_23,PUB_24,679,red
COS_24,PUB_25,897,red
COS_25,PUB_26,564,red
COS_26,PUB_27,669,red
COS_27,PUB_28,742,red
COS_28,PUB_29,448,red
COS_29,PUB_30,566,red
COS_32,PUB_33,52,red
COS_39,PUB_40,230,red
MSY_115,PUB_116,95,blue
SHV_63,PUB_64,117,blue
DRO_77,COS_78,23,red
DRO_103,COS_104,27,red
DRO_109,COS_110,43,red
DRO_111,COS_112,136,red
DRO_114,COS_115,11,red
DRO_115,COS_116,45,red
GJT_20,COS_21,87,red
GJT_75,COS_76,802,red
GJT_76,COS_77,337,red
GJT_77,COS_78,194,red
GJT_87,COS_88,36,red
GJT_94,COS_95,37,red
GJT_96,COS_97,19,red
GJT_99,COS_100,30,red
GJT_109,COS_110,26,red
GJT_114,COS_115,90,red
GJT_117,COS_118,71,red
MSY_4,COS_5,109,blue
MSY_13,COS_14,47,blue
MSY_18,COS_19,270,blue
MSY_19,COS_20,144,blue
MSY_20,COS_21,90,blue
MSY_43,COS_44,19,blue
MSY_65,COS_66,147,blue
MSY_67,COS_68,97,blue
MSY_88,COS_89,2,blue
MSY_92,COS_93,198,blue
MSY_103,COS_104,100,blue
MSY_110,COS_111,147,blue
MSY_114,COS_115,214,blue
MTJ_37,COS_38,110,red
MTJ_88,COS_89,38,red
MTJ_108,COS_109,6,red
MTJ_112,COS_113,14,red
MTJ_114,COS_115,43,red
MTJ_116,COS_117,27,red
PUB_1,COS_2,2307,red
PUB_2,COS_3,1897,red
PUB_3,COS_4,2410,red
PUB_4,COS_5,2358,red
PUB_5,COS_6,3003,red
PUB_6,COS_7,3411,red
PUB_7,COS_8,3280,red
PUB_8,COS_9,3837,red
PUB_9,COS_10,2462,red
PUB_10,COS_11,2582,red
PUB_11,COS_12,2438,red
PUB_12,COS_13,3062,red
PUB_13,COS_14,2043,red
PUB_14,COS_15,1921,red
PUB_15,COS_16,3119,red
PUB_16,COS_17,2896,red
PUB_17,COS_18,2749,red
PUB_18,COS_19,3181,red
PUB_19,COS_20,3025,red
PUB_20,COS_21,2552,red
PUB_21,COS_22,1534,red
PUB_22,COS_23,915,red
PUB_23,COS_24,752,red
PUB_24,COS_25,832,red
PUB_25,COS_26,524,red
PUB_26,COS_27,543,red
PUB_27,COS_28,751,red
PUB_28,COS_29,500,red
PUB_29,COS_30,513,red
PUB_32,COS_33,52,red
PUB_67,COS_68,108,red
PUB_79,COS_80,92,red
PUB_103,COS_104,91,red
PUB_114,COS_115,60,red
PUB_115,COS_116,208,red
SHV_64,COS_65,63,blue
LFT_43,ESF_44,23,red
LFT_59,ESF_60,43,red
LFT_60,ESF_61,33,red
LFT_78,ESF_79,15,red
MLU_61,ESF_62,327,red
MLU_62,ESF_63,400,red
MLU_63,ESF_64,492,red
MLU_64,ESF_65,527,red
MLU_65,ESF_66,601,red
MLU_66,ESF_67,563,red
MLU_67,ESF_68,472,red
MLU_68,ESF_69,574,red
MLU_69,ESF_70,471,red
MLU_70,ESF_71,570,red
MLU_71,ESF_72,582,red
MLU_72,ESF_73,618,red
MLU_73,ESF_74,494,red
MLU_74,ESF_75,486,red
MLU_75,ESF_76,205,red
MLU_76,ESF_77,194,red
MLU_77,ESF_78,206,red
MLU_78,ESF_79,183,red
MLU_79,ESF_80,35,red
MLU_80,ESF_81,18,red
SHV_79,ESF_80,11,red
