,0,1,2
0,LAS_8,SFO_9,LAX_10
1,ORD_7,ATL_8,SLC_9
2,PIT_9,LAX_10,ATL_11
3,ORD_7,BOS_8,ORD_9
4,SLC_8,ORD_9,MSP_10
5,BOS_1,CVG_2,SLC_3
6,SFO_8,LAX_9,SFO_10
7,MSP_4,ORD_5,CLT_6
8,STL_1,LAS_2,STL_3
9,EWR_9,CLT_10,LGA_11
10,ATL_7,LGA_8,ATL_9
11,DFW_6,SFO_7,ATL_8
12,ORD_9,DFW_10,IAH_11
13,DCA_5,LGA_6,ATL_7
14,ATL_4,DTW_5,LAX_6
15,MEM_2,IND_3,ORD_4
16,MSP_9,LGA_10,CLE_11
17,LGA_8,MCO_9,STL_10
18,ORD_9,SEA_10,LAX_11
19,BOS_10,MCO_11,PHL_12
20,PHL_3,STL_4,MSP_5
21,ORD_5,LAS_6,LAX_7
22,BWI_5,CLT_6,EWR_7
23,PHX_4,DTW_5,JFK_6
24,SFO_1,IAD_2,SLC_3
25,MCO_7,LGA_8,CLT_9
26,PHL_6,BOS_7,MSP_8
27,EWR_7,DFW_8,CLE_9
28,SFO_9,ATL_10,ORD_11
29,ORD_8,DFW_9,SFO_10
30,PHL_6,PIT_7,ORD_8
31,CLE_3,EWR_4,TPA_5
32,SFO_1,SEA_2,SFO_3
33,TPA_6,BOS_7,JFK_8
34,EWR_4,ORD_5,CLE_6
35,SEA_3,LAX_4,JFK_5
36,DFW_10,LAX_11,MEM_12
37,LAS_8,LAX_9,SEA_10
38,CLE_7,DFW_8,SLC_9
39,BOS_3,IAH_4,ATL_5
40,SLC_6,BOS_7,STL_8
41,SFO_5,CVG_6,TPA_7
42,LGA_8,MIA_9,JFK_10
43,CVG_10,PIT_11,IND_12
44,ATL_6,BOS_7,DCA_8
45,LAX_8,DFW_9,IAH_10
46,LGA_8,BWI_9,LAS_10
47,ATL_6,PIT_7,STL_8
48,SEA_6,SFO_7,LAX_8
49,MSP_2,DTW_3,LGA_4
50,MIA_10,STL_11,IND_12
51,DFW_7,PHX_8,SEA_9
52,BOS_4,LAX_5,MEM_6
53,MCO_7,JFK_8,LAX_9
54,LAX_5,IAH_6,TPA_7
55,PHX_6,ORD_7,MSP_8
56,STL_6,ORD_7,DCA_8
57,DTW_10,CVG_11,DCA_12
58,EWR_1,MCO_2,DCA_3
59,DTW_3,MCO_4,DFW_5
60,STL_3,MCO_4,JFK_5
61,DFW_6,SEA_7,MEM_8
62,CLT_3,IAH_4,PIT_5
63,IAH_6,DFW_7,DCA_8
64,BWI_7,ORD_8,EWR_9
65,IND_7,ORD_8,CLE_9
66,DFW_9,SFO_10,LAX_11
67,BOS_7,LAX_8,MCO_9
68,MCO_3,DTW_4,EWR_5
69,PHL_3,SFO_4,STL_5
70,DFW_4,TPA_5,ATL_6
71,DFW_4,IAD_5,IAH_6
72,LGA_1,ATL_2,ORD_3
73,MCO_7,ATL_8,STL_9
74,CLT_10,ATL_11,MCO_12
75,PIT_7,SFO_8,JFK_9
76,ORD_5,PHL_6,STL_7
77,DCA_2,BOS_3,EWR_4
78,TPA_5,BOS_6,TPA_7
79,BWI_2,CLT_3,PHL_4
80,ATL_1,PIT_2,CLT_3
81,MCO_4,MIA_5,TPA_6
82,ATL_2,MIA_3,EWR_4
83,ORD_9,IAD_10,SFO_11
84,ORD_7,CLT_8,BWI_9
85,MIA_6,PIT_7,SEA_8
86,IAD_4,SFO_5,JFK_6
87,MSP_5,LAS_6,STL_7
88,LAX_8,ORD_9,TPA_10
89,DTW_10,DFW_11,PHX_12
90,ATL_10,CLT_11,MIA_12
91,TPA_8,ATL_9,LAS_10
92,BWI_7,BOS_8,MSP_9
93,MEM_7,DCA_8,STL_9
94,DTW_9,ORD_10,CVG_11
95,DFW_5,MSP_6,LGA_7
96,IND_4,MEM_5,ATL_6
97,BOS_8,MSP_9,EWR_10
98,DFW_1,MCO_2,ATL_3
99,DTW_3,ORD_4,PHX_5
100,LAX_10,ATL_11,BOS_12
101,ORD_6,EWR_7,SFO_8
102,PIT_9,MSP_10,DTW_11
103,BWI_9,LGA_10,MCO_11
104,BOS_3,CLE_4,MIA_5
105,SEA_1,DFW_2,LGA_3
106,ORD_7,EWR_8,ORD_9
107,MSP_6,ORD_7,BOS_8
108,SFO_8,ATL_9,LAX_10
109,PHX_5,DFW_6,DCA_7
110,MIA_1,ATL_2,BOS_3
111,DTW_9,LGA_10,DFW_11
112,BOS_8,JFK_9,SFO_10
113,BOS_7,PHL_8,MCO_9
114,ORD_4,LAX_5,JFK_6
115,MSP_1,SLC_2,MSP_3
116,LAX_2,SFO_3,ATL_4
117,DFW_10,ORD_11,LGA_12
118,ORD_4,PIT_5,ORD_6
119,DCA_7,BOS_8,ORD_9
120,SFO_6,DFW_7,SFO_8
121,STL_9,TPA_10,IAH_11
122,STL_3,BOS_4,ORD_5
123,BWI_4,PIT_5,SFO_6
124,LGA_8,ATL_9,BWI_10
125,IAH_2,SLC_3,ATL_4
126,PIT_2,PHL_3,DFW_4
127,LGA_8,ORD_9,MCO_10
128,TPA_3,ATL_4,LGA_5
129,EWR_6,IND_7,ATL_8
130,IND_2,CLE_3,BOS_4
131,LAX_3,SFO_4,LAX_5
132,STL_7,PIT_8,CVG_9
133,DCA_1,LGA_2,MCO_3
134,BWI_9,PHX_10,LAX_11
135,DFW_10,ORD_11,MIA_12
136,DTW_7,ORD_8,MSP_9
137,BOS_7,ATL_8,SFO_9
138,DCA_5,LGA_6,MCO_7
139,STL_5,ATL_6,DCA_7
140,DFW_8,LAS_9,STL_10
141,MCO_7,MEM_8,DTW_9
142,PIT_7,STL_8,ATL_9
143,JFK_10,CLE_11,EWR_12
144,LAX_7,ORD_8,MEM_9
145,CLT_7,IAD_8,LGA_9
146,CLE_9,MCO_10,BWI_11
147,LGA_6,BOS_7,DFW_8
148,LAX_9,SFO_10,SEA_11
149,LGA_5,ATL_6,PHX_7
150,MCO_8,JFK_9,SFO_10
151,CLT_5,ATL_6,CLE_7
152,PHX_9,EWR_10,BOS_11
153,LGA_3,ORD_4,DCA_5
154,DTW_10,PIT_11,ATL_12
155,PHX_10,LAX_11,SFO_12
156,TPA_8,ATL_9,MCO_10
157,MEM_6,MSP_7,ORD_8
158,BOS_5,IAD_6,LAX_7
159,IND_3,MEM_4,IAH_5
160,ATL_9,IND_10,MSP_11
161,DFW_8,PHL_9,ATL_10
162,MCO_1,DTW_2,LAS_3
163,IND_1,MEM_2,DTW_3
164,LGA_7,DFW_8,MSP_9
165,JFK_9,MIA_10,TPA_11
166,MCO_3,DFW_4,LAX_5
167,EWR_4,BOS_5,EWR_6
168,EWR_6,STL_7,LAX_8
169,DTW_8,ATL_9,CLT_10
170,MIA_3,TPA_4,STL_5
171,DFW_9,STL_10,ATL_11
172,DFW_4,ATL_5,STL_6
173,LGA_8,DCA_9,LGA_10
174,CVG_1,PIT_2,ATL_3
175,LAX_6,LAS_7,SFO_8
176,DCA_5,MIA_6,ATL_7
177,LAX_9,STL_10,DTW_11
178,ORD_9,MSP_10,LAX_11
179,LAS_4,IND_5,ORD_6
180,SEA_4,MSP_5,SEA_6
181,JFK_7,MIA_8,IAH_9
182,STL_9,MSP_10,SFO_11
183,MCO_2,ORD_3,IAH_4
184,ORD_5,LAX_6,SFO_7
185,EWR_1,MEM_2,LGA_3
186,MCO_8,LAX_9,CVG_10
187,PHL_1,ATL_2,DFW_3
188,IAH_10,BOS_11,PIT_12
189,PIT_7,LGA_8,ORD_9
190,ORD_2,MIA_3,ATL_4
191,MEM_8,ATL_9,BOS_10
192,ATL_7,BWI_8,ATL_9
193,LGA_2,IAD_3,ORD_4
194,DFW_10,STL_11,CLE_12
195,LGA_3,BOS_4,DTW_5
196,LAX_10,LAS_11,JFK_12
197,SFO_6,PHX_7,LAX_8
198,CLE_3,IAD_4,PHL_5
199,ATL_4,ORD_5,DCA_6
200,EWR_9,STL_10,CLT_11
201,PIT_3,DCA_4,ORD_5
202,SFO_10,LAX_11,SFO_12
203,CLT_2,ATL_3,PIT_4
204,IAH_10,ATL_11,MCO_12
205,PHL_4,LAX_5,JFK_6
206,SLC_7,STL_8,PIT_9
207,JFK_6,DCA_7,CVG_8
208,MCO_10,ATL_11,MIA_12
209,DFW_7,ORD_8,STL_9
210,BWI_4,LAX_5,BOS_6
211,DTW_7,SEA_8,SFO_9
212,ORD_2,DFW_3,SFO_4
213,BOS_7,LGA_8,ATL_9
214,ATL_10,TPA_11,JFK_12
215,PIT_8,DCA_9,MSP_10
216,LAX_6,ATL_7,DFW_8
217,ORD_6,SLC_7,CVG_8
218,ORD_5,DTW_6,ORD_7
219,BOS_10,DFW_11,CVG_12
220,PHX_3,LAX_4,ATL_5
221,DTW_9,ATL_10,ORD_11
222,SEA_9,ORD_10,DFW_11
223,ORD_10,MCO_11,STL_12
224,LGA_2,ORD_3,SEA_4
225,ATL_7,SLC_8,LAX_9
226,PHX_9,DFW_10,LAX_11
227,PHL_9,IAH_10,ATL_11
228,ATL_7,ORD_8,BOS_9
229,MCO_9,EWR_10,SFO_11
230,ORD_6,DFW_7,SEA_8
231,MIA_1,EWR_2,CVG_3
232,MIA_9,LGA_10,ORD_11
233,LGA_9,DCA_10,ATL_11
234,MCO_9,BWI_10,ATL_11
235,CLT_3,BOS_4,ORD_5
236,DCA_3,BOS_4,MCO_5
237,CLT_1,DFW_2,MSP_3
238,IND_3,CLT_4,BOS_5
239,EWR_8,DCA_9,ATL_10
240,DCA_5,CLT_6,PHL_7
241,DTW_9,STL_10,SEA_11
242,ORD_5,SFO_6,LAX_7
243,STL_10,LAS_11,LAX_12
244,LAX_2,ATL_3,DTW_4
245,EWR_8,STL_9,MIA_10
246,CLT_10,EWR_11,BWI_12
247,SEA_9,ORD_10,LGA_11
248,JFK_2,LAX_3,STL_4
249,MIA_2,IAH_3,SFO_4
250,EWR_4,BOS_5,ATL_6
251,TPA_5,JFK_6,SEA_7
252,LAX_8,SEA_9,ATL_10
253,TPA_4,IAD_5,LAX_6
254,MEM_10,MSP_11,ORD_12
255,IND_10,MEM_11,IND_12
256,MEM_7,LAX_8,PHX_9
257,BWI_8,DFW_9,STL_10
258,PIT_1,LAX_2,CLT_3
259,PHX_3,PIT_4,LAX_5
260,JFK_9,LAX_10,SFO_11
261,CLE_4,ATL_5,LAX_6
262,MIA_7,ORD_8,DCA_9
263,SFO_6,LAX_7,MIA_8
264,ATL_4,LGA_5,ORD_6
265,DFW_5,DTW_6,ORD_7
266,LAX_10,MIA_11,CVG_12
267,ATL_6,STL_7,PHX_8
268,EWR_5,DCA_6,BOS_7
269,CLE_5,TPA_6,EWR_7
270,LAX_3,SFO_4,IAH_5
271,SEA_10,SLC_11,PHX_12
272,TPA_8,JFK_9,LAX_10
273,LGA_1,DCA_2,MIA_3
274,CLT_10,ORD_11,LAX_12
275,BOS_7,LGA_8,CLT_9
276,DTW_2,ATL_3,MCO_4
277,ORD_5,DCA_6,ATL_7
278,DCA_1,MIA_2,LGA_3
279,ORD_8,IND_9,ATL_10
280,DCA_3,IND_4,STL_5
281,DCA_3,BOS_4,SFO_5
282,MIA_4,EWR_5,BOS_6
283,EWR_5,LAX_6,SFO_7
284,MCO_2,IND_3,PIT_4
285,PIT_8,ORD_9,BWI_10
286,LGA_3,MSP_4,LGA_5
287,DTW_4,CVG_5,SLC_6
288,MCO_10,ORD_11,SFO_12
289,ORD_6,LAX_7,BOS_8
290,EWR_2,IAH_3,JFK_4
291,SFO_9,MSP_10,BOS_11
292,MIA_5,LGA_6,MCO_7
293,TPA_2,EWR_3,MIA_4
294,DFW_3,ORD_4,IAD_5
295,ORD_7,BOS_8,JFK_9
296,LAX_4,PHX_5,SFO_6
297,ATL_4,ORD_5,EWR_6
298,ORD_8,SEA_9,LAX_10
299,ORD_8,IAD_9,LAX_10
300,LAX_4,ORD_5,LGA_6
301,DTW_4,SFO_5,ORD_6
302,SFO_2,LAX_3,SFO_4
303,MCO_5,ATL_6,TPA_7
304,ORD_7,CLT_8,ATL_9
305,ATL_10,BWI_11,ORD_12
306,ORD_8,SFO_9,ATL_10
307,STL_1,DTW_2,TPA_3
308,TPA_4,MSP_5,PHX_6
309,STL_6,LGA_7,DTW_8
310,LAS_5,ORD_6,MSP_7
311,EWR_6,PIT_7,TPA_8
312,CLE_3,BOS_4,ATL_5
313,MIA_5,STL_6,ATL_7
314,SLC_4,LAX_5,SFO_6
315,MSP_5,ORD_6,IAH_7
316,SEA_1,MEM_2,MIA_3
317,SEA_6,IAD_7,DFW_8
318,PHX_3,BWI_4,ORD_5
319,SLC_1,LAX_2,JFK_3
320,CLT_8,ORD_9,IND_10
321,ATL_9,EWR_10,DTW_11
322,PHL_8,DTW_9,DCA_10
323,LAX_6,JFK_7,LAX_8
324,JFK_10,SFO_11,LAX_12
325,LAX_4,LAS_5,JFK_6
326,LGA_7,DCA_8,CLE_9
327,BOS_4,LGA_5,ORD_6
328,MIA_3,MSP_4,DFW_5
329,LAX_1,PIT_2,DCA_3
330,LGA_5,ORD_6,BOS_7
331,LAX_7,BOS_8,STL_9
332,SFO_4,LAX_5,SFO_6
333,ORD_4,EWR_5,MSP_6
334,LAX_4,PHL_5,MIA_6
335,CLT_2,MIA_3,STL_4
336,MSP_5,ORD_6,SEA_7
337,EWR_5,DCA_6,LGA_7
338,ATL_6,LGA_7,ATL_8
339,LAX_6,PHX_7,SEA_8
340,CVG_9,TPA_10,EWR_11
341,CLT_2,ATL_3,EWR_4
342,ORD_3,MCO_4,LGA_5
343,IND_4,DCA_5,IND_6
344,IND_4,LAX_5,STL_6
345,ATL_8,CLT_9,IAH_10
346,CVG_8,LAX_9,STL_10
347,LGA_6,DTW_7,ORD_8
348,ATL_6,BOS_7,DTW_8
349,LAX_9,SFO_10,ORD_11
350,DFW_3,DTW_4,PHL_5
351,DFW_10,IAD_11,SEA_12
352,MEM_10,ORD_11,ATL_12
353,STL_6,EWR_7,ORD_8
354,ORD_2,MIA_3,IAD_4
355,PHX_9,LAS_10,PHX_11
356,JFK_5,SFO_6,PHX_7
357,MIA_8,MCO_9,DFW_10
358,TPA_9,ATL_10,MSP_11
359,LGA_2,IAD_3,DTW_4
360,PHL_10,ORD_11,CVG_12
361,PHL_1,ORD_2,DTW_3
362,IAH_5,TPA_6,ORD_7
363,LGA_5,TPA_6,CVG_7
364,ORD_9,CLT_10,LAX_11
365,MIA_10,EWR_11,DTW_12
366,STL_8,MSP_9,CVG_10
367,DTW_1,MIA_2,DCA_3
368,MIA_4,LGA_5,DCA_6
369,MEM_5,ATL_6,SEA_7
370,PHX_6,DFW_7,LAX_8
371,LGA_3,DCA_4,JFK_5
372,BOS_2,EWR_3,CLE_4
373,ATL_3,DCA_4,MIA_5
374,LAX_9,SLC_10,SEA_11
375,ORD_1,JFK_2,MIA_3
376,IND_7,STL_8,LAS_9
377,MEM_10,DCA_11,BOS_12
378,MSP_6,SLC_7,LAS_8
379,ORD_3,CLT_4,ATL_5
380,ORD_10,BOS_11,ORD_12
381,DTW_7,MSP_8,LAX_9
382,ORD_9,MSP_10,TPA_11
383,DCA_10,DFW_11,ATL_12
384,EWR_9,CLT_10,IND_11
385,LAS_6,IND_7,CLT_8
386,EWR_7,DTW_8,PIT_9
387,DTW_1,STL_2,SLC_3
388,DCA_7,DFW_8,SFO_9
389,SLC_6,CVG_7,DTW_8
390,EWR_8,MIA_9,IAH_10
391,STL_4,LAS_5,DFW_6
392,STL_3,DFW_4,SFO_5
393,EWR_3,BWI_4,STL_5
394,LAX_1,LAS_2,PHX_3
395,ORD_8,LAX_9,ORD_10
396,ATL_4,CVG_5,BOS_6
397,ATL_7,LGA_8,DFW_9
398,EWR_8,DFW_9,MCO_10
399,IND_1,LGA_2,STL_3
400,BWI_10,ORD_11,STL_12
401,IND_8,PIT_9,IND_10
402,ORD_10,EWR_11,TPA_12
403,STL_10,MCO_11,LAX_12
404,JFK_4,BOS_5,ATL_6
405,MIA_2,DFW_3,ATL_4
406,JFK_1,MIA_2,MSP_3
407,ORD_10,STL_11,ORD_12
408,BWI_8,LAX_9,SFO_10
409,SFO_10,ORD_11,DFW_12
410,DTW_2,LGA_3,BOS_4
411,JFK_5,PIT_6,LGA_7
412,SLC_7,SFO_8,IAD_9
413,CVG_9,EWR_10,ORD_11
414,LAS_3,ORD_4,BOS_5
415,DCA_4,MCO_5,DFW_6
416,PHX_2,STL_3,DCA_4
417,SFO_7,DTW_8,ORD_9
418,MIA_2,ATL_3,LAX_4
419,STL_7,IND_8,MEM_9
420,PHL_3,DFW_4,LAS_5
421,SEA_5,ATL_6,IND_7
422,MSP_10,IAD_11,SFO_12
423,JFK_7,LAX_8,ATL_9
424,IND_5,ATL_6,PIT_7
425,MIA_4,MSP_5,TPA_6
426,PHX_1,SFO_2,PHX_3
427,ATL_5,MIA_6,LAX_7
428,TPA_9,JFK_10,DCA_11
429,JFK_8,SFO_9,JFK_10
430,JFK_7,MIA_8,JFK_9
431,SFO_1,ATL_2,ORD_3
432,ORD_1,CLT_2,MCO_3
433,MCO_3,MEM_4,ATL_5
434,DFW_7,DTW_8,ATL_9
435,SEA_10,MSP_11,PHL_12
436,ORD_5,CLE_6,LGA_7
437,SEA_4,DFW_5,LAX_6
438,ORD_5,ATL_6,BOS_7
439,LAX_9,PHX_10,SEA_11
440,LGA_8,MIA_9,ATL_10
441,ATL_3,IAD_4,DTW_5
442,LGA_9,MIA_10,CLT_11
443,MIA_10,LGA_11,IAD_12
444,IAH_4,DFW_5,MCO_6
445,ORD_8,BOS_9,MIA_10
446,JFK_5,MCO_6,PIT_7
447,EWR_4,IAH_5,ORD_6
448,LGA_3,TPA_4,ATL_5
449,MEM_2,PIT_3,DTW_4
450,CLT_9,MIA_10,MCO_11
451,DFW_1,SLC_2,SFO_3
452,LGA_10,DFW_11,LAX_12
453,MCO_9,MIA_10,ATL_11
454,LAX_4,DFW_5,LAS_6
455,BWI_4,CLT_5,ATL_6
456,MSP_9,LGA_10,CVG_11
457,LAX_10,SFO_11,LAS_12
458,CVG_9,PHL_10,MEM_11
459,ATL_10,DCA_11,LGA_12
460,TPA_10,CLT_11,PIT_12
461,ORD_5,TPA_6,IAH_7
462,ORD_1,ATL_2,LAX_3
463,MEM_5,PIT_6,CVG_7
464,LAX_3,DFW_4,ORD_5
465,ATL_8,IAH_9,BWI_10
466,CVG_4,PIT_5,SFO_6
467,IAH_4,ORD_5,LGA_6
468,DFW_10,TPA_11,ATL_12
469,SFO_6,LAX_7,IAH_8
470,BWI_4,EWR_5,BOS_6
471,LGA_5,STL_6,ATL_7
472,STL_2,MIA_3,CLT_4
473,ATL_4,LAX_5,CLT_6
474,DFW_5,CLT_6,ATL_7
475,MIA_1,LGA_2,DFW_3
476,DFW_8,PHX_9,ORD_10
477,SFO_9,LAX_10,STL_11
478,CVG_6,PHX_7,DFW_8
479,SFO_3,PHX_4,ORD_5
480,DTW_9,IAD_10,MIA_11
481,SFO_9,ORD_10,DCA_11
482,DFW_5,LGA_6,MIA_7
483,BOS_2,EWR_3,BOS_4
484,IAD_9,PHL_10,BOS_11
485,ORD_4,DFW_5,DCA_6
486,SFO_10,STL_11,MIA_12
487,MSP_9,ATL_10,SFO_11
488,DFW_9,LAS_10,STL_11
489,PHX_7,LAS_8,ATL_9
490,LGA_7,BOS_8,DCA_9
491,CLT_3,LGA_4,IAD_5
492,LAX_7,BOS_8,DCA_9
493,CLT_1,IAH_2,DCA_3
494,STL_8,IAH_9,ORD_10
495,SEA_6,MSP_7,LAX_8
496,MEM_10,SFO_11,SLC_12
497,ATL_1,CLT_2,STL_3
498,DCA_8,ORD_9,BOS_10
499,MCO_6,BOS_7,LAX_8
500,ATL_10,MCO_11,EWR_12
501,EWR_9,BOS_10,LGA_11
502,PHL_6,ORD_7,DTW_8
503,ATL_9,DCA_10,CVG_11
504,LAX_7,ORD_8,IAD_9
505,DFW_7,PHX_8,ORD_9
506,MCO_10,CVG_11,MSP_12
507,MSP_3,ORD_4,MSP_5
508,MIA_7,LGA_8,MSP_9
509,STL_1,MSP_2,MEM_3
510,STL_3,MSP_4,STL_5
511,IND_6,DCA_7,PIT_8
512,LAX_8,EWR_9,MIA_10
513,IAD_7,LAX_8,SEA_9
514,PHX_1,SEA_2,MSP_3
515,IAD_3,CLE_4,BOS_5
516,JFK_8,LAX_9,MCO_10
517,EWR_3,BOS_4,DCA_5
518,MIA_8,ATL_9,LGA_10
519,TPA_7,ATL_8,MCO_9
520,LAX_8,SFO_9,DFW_10
521,EWR_8,CVG_9,EWR_10
522,PHL_9,DFW_10,BWI_11
523,BWI_6,ORD_7,LAX_8
524,ATL_3,DFW_4,LGA_5
525,LAX_9,LAS_10,ORD_11
526,IAD_10,DFW_11,MIA_12
527,LGA_9,STL_10,LAX_11
528,ATL_6,STL_7,BWI_8
529,DCA_4,ATL_5,DFW_6
530,DTW_4,EWR_5,CLT_6
531,MIA_3,BOS_4,CVG_5
532,MSP_8,EWR_9,ORD_10
533,MSP_2,PHX_3,LAX_4
534,SEA_3,MEM_4,CVG_5
535,PHL_3,MCO_4,DCA_5
536,ORD_6,DCA_7,ATL_8
537,SFO_6,STL_7,MCO_8
538,CVG_2,ATL_3,DTW_4
539,IAH_3,MSP_4,MEM_5
540,EWR_8,PIT_9,BWI_10
541,MIA_6,MCO_7,PHL_8
542,DFW_8,DTW_9,LAS_10
543,JFK_3,LAX_4,JFK_5
544,DFW_5,SFO_6,LAX_7
545,DFW_8,PHX_9,STL_10
546,MIA_1,MEM_2,LGA_3
547,MSP_3,ORD_4,IND_5
548,BOS_8,ATL_9,DTW_10
549,PHX_7,IAH_8,BWI_9
550,DFW_8,BOS_9,ORD_10
551,TPA_8,MCO_9,IND_10
552,LAX_4,JFK_5,MSP_6
553,DFW_9,ATL_10,ORD_11
554,LAS_4,SLC_5,SFO_6
555,SEA_8,ORD_9,LAS_10
556,STL_7,IND_8,SFO_9
557,SEA_7,STL_8,ATL_9
558,PHX_4,ORD_5,LGA_6
559,DTW_8,PHX_9,ATL_10
560,ATL_2,ORD_3,LAX_4
561,STL_8,JFK_9,SFO_10
562,EWR_4,ATL_5,LGA_6
563,MIA_3,ATL_4,MCO_5
564,LAX_7,SFO_8,LAX_9
565,SFO_6,EWR_7,ATL_8
566,STL_7,ORD_8,MIA_9
567,EWR_7,DCA_8,IND_9
568,DTW_7,ORD_8,SLC_9
569,MCO_5,ATL_6,MCO_7
570,SFO_6,LAX_7,SLC_8
571,MIA_6,EWR_7,MSP_8
572,PHL_8,SFO_9,ATL_10
573,MSP_9,SFO_10,ORD_11
574,LAS_9,DFW_10,MSP_11
575,IAH_2,BWI_3,PHX_4
576,ATL_8,MIA_9,LGA_10
577,ATL_1,LGA_2,DTW_3
578,BOS_1,PHL_2,SFO_3
579,BOS_5,LGA_6,MIA_7
580,MSP_8,ORD_9,BWI_10
581,SFO_7,DTW_8,MEM_9
582,ATL_8,DCA_9,ATL_10
583,LAX_6,ATL_7,TPA_8
584,PHL_7,ORD_8,EWR_9
585,DFW_9,SEA_10,LAX_11
586,CVG_10,ORD_11,STL_12
587,DFW_1,LAS_2,BWI_3
588,MEM_2,MSP_3,MEM_4
589,LAS_10,PHX_11,BOS_12
590,LGA_5,ATL_6,PHX_7
591,ATL_9,LAX_10,SFO_11
592,PHX_3,MSP_4,PHX_5
593,BOS_1,STL_2,PHX_3
594,STL_1,LAX_2,ATL_3
595,PIT_2,EWR_3,ATL_4
596,STL_5,ATL_6,CLT_7
597,LAX_9,DFW_10,STL_11
598,DCA_8,JFK_9,LAX_10
599,CLT_8,BOS_9,LAX_10
600,CLE_4,EWR_5,ORD_6
601,DFW_4,ATL_5,SFO_6
602,ATL_2,MCO_3,EWR_4
603,ATL_8,SFO_9,MSP_10
604,DFW_9,PHX_10,EWR_11
605,EWR_5,CLT_6,BOS_7
606,LGA_8,BOS_9,DCA_10
607,MCO_2,MIA_3,ATL_4
608,STL_5,ORD_6,LGA_7
609,ATL_8,CLE_9,BWI_10
610,DFW_8,SFO_9,STL_10
611,PIT_6,LAX_7,LAS_8
612,DCA_10,ORD_11,MCO_12
613,JFK_1,LAX_2,LAS_3
614,DCA_6,BOS_7,CLT_8
615,ORD_1,BWI_2,MCO_3
616,MSP_8,LGA_9,CLT_10
617,LGA_6,MCO_7,ATL_8
618,MCO_3,JFK_4,BOS_5
619,LAX_2,JFK_3,LAX_4
620,SEA_4,LAX_5,SFO_6
621,MCO_3,ATL_4,DFW_5
622,ATL_7,LGA_8,PIT_9
623,DCA_7,LGA_8,BWI_9
624,SEA_8,MEM_9,DFW_10
625,IAH_6,ATL_7,ORD_8
626,BOS_9,DFW_10,PHL_11
627,BOS_5,DTW_6,ATL_7
628,EWR_1,MIA_2,STL_3
629,DFW_1,CLT_2,EWR_3
630,STL_8,LAX_9,JFK_10
631,ORD_2,SLC_3,DFW_4
632,DFW_1,SFO_2,ATL_3
633,LAX_5,IAD_6,SFO_7
634,BWI_3,MCO_4,CLE_5
635,SEA_4,LAX_5,ORD_6
636,PHL_6,ORD_7,IND_8
637,ATL_2,IND_3,DTW_4
638,ORD_4,STL_5,JFK_6
639,SEA_6,LAX_7,SFO_8
640,JFK_10,LAX_11,SFO_12
641,PHX_9,LAX_10,JFK_11
642,ATL_3,LAX_4,BWI_5
643,MSP_7,MCO_8,CVG_9
644,PHX_5,BWI_6,MIA_7
645,ATL_4,DCA_5,LGA_6
646,PHX_8,IAH_9,ORD_10
647,CLE_2,IND_3,SFO_4
648,DFW_4,LAS_5,DFW_6
649,EWR_7,ORD_8,ATL_9
650,MIA_2,DFW_3,PIT_4
651,ATL_7,MIA_8,STL_9
652,BOS_5,DFW_6,IAH_7
653,LAX_1,SFO_2,LAX_3
654,DTW_7,DFW_8,EWR_9
655,MSP_3,MEM_4,PIT_5
656,MIA_8,ATL_9,LAX_10
657,BOS_9,PHL_10,MCO_11
658,LAS_8,JFK_9,BWI_10
659,BOS_10,PHX_11,JFK_12
660,MIA_8,CVG_9,LGA_10
661,CVG_5,PIT_6,BWI_7
662,MCO_2,ORD_3,LGA_4
663,DCA_10,MEM_11,DFW_12
664,JFK_6,MCO_7,EWR_8
665,IND_4,CVG_5,DCA_6
666,DFW_4,SLC_5,PHX_6
667,SFO_10,ORD_11,PHX_12
668,LAX_6,JFK_7,SFO_8
669,LAX_1,CVG_2,MIA_3
670,ATL_9,LAX_10,MIA_11
671,TPA_5,IAD_6,TPA_7
672,SEA_10,LAX_11,ATL_12
673,BWI_8,ORD_9,LAS_10
674,DTW_4,ORD_5,JFK_6
675,CVG_1,PHX_2,LAX_3
676,ATL_3,DCA_4,JFK_5
677,IAH_4,LAX_5,ORD_6
678,CLT_5,LGA_6,TPA_7
679,LGA_7,TPA_8,ORD_9
680,DTW_7,ORD_8,LGA_9
681,CLE_9,ATL_10,DCA_11
682,MCO_6,ATL_7,SFO_8
683,SFO_8,MSP_9,PHL_10
684,DCA_7,MIA_8,STL_9
685,LAS_1,PHX_2,IAH_3
686,IAD_1,LAX_2,PHL_3
687,ATL_3,CLT_4,MCO_5
688,ATL_9,DFW_10,DTW_11
689,ORD_10,DFW_11,MIA_12
690,CVG_1,PIT_2,ORD_3
691,LAX_1,MIA_2,ORD_3
692,EWR_7,IAD_8,DFW_9
693,EWR_6,ORD_7,MSP_8
694,STL_9,LGA_10,DFW_11
695,CVG_2,SLC_3,PHX_4
696,DFW_2,IAH_3,MEM_4
697,MSP_5,SEA_6,ATL_7
698,SFO_7,EWR_8,SFO_9
699,IAD_5,DFW_6,ATL_7
700,LAX_6,MIA_7,ATL_8
701,DFW_1,EWR_2,IAD_3
702,PHL_8,MCO_9,BOS_10
703,MIA_1,JFK_2,DCA_3
704,CLT_8,STL_9,ORD_10
705,BOS_3,LAX_4,JFK_5
706,EWR_4,LAX_5,MSP_6
707,LAX_7,ORD_8,MSP_9
708,IAH_7,ATL_8,MIA_9
709,DCA_6,MCO_7,ATL_8
710,BOS_7,MIA_8,STL_9
711,STL_5,ORD_6,STL_7
712,SFO_10,MSP_11,MEM_12
713,DFW_5,LAS_6,ATL_7
714,LAX_8,MSP_9,LAX_10
715,MCO_7,ATL_8,MCO_9
716,DFW_3,SFO_4,ATL_5
717,ORD_2,PHL_3,BOS_4
718,SFO_7,MSP_8,LAX_9
719,LGA_2,MCO_3,JFK_4
720,DCA_1,ORD_2,SLC_3
721,PIT_4,BOS_5,LGA_6
722,ATL_3,CLT_4,ATL_5
723,EWR_6,CLE_7,SEA_8
724,ORD_3,LGA_4,MCO_5
725,ORD_10,DTW_11,IND_12
726,LAS_2,PHL_3,PHX_4
727,CLE_10,PIT_11,IAD_12
728,SLC_9,ATL_10,LGA_11
729,IAH_8,DCA_9,PIT_10
730,JFK_3,MSP_4,DTW_5
731,PIT_4,EWR_5,CLT_6
732,SEA_7,LAX_8,IAD_9
733,LAX_5,JFK_6,MIA_7
734,STL_10,ORD_11,LAX_12
735,ORD_1,BOS_2,PHL_3
736,SEA_8,IAD_9,SLC_10
737,IAH_7,EWR_8,BOS_9
738,SLC_6,IAH_7,MCO_8
739,ATL_2,MCO_3,ATL_4
740,ATL_3,JFK_4,SFO_5
741,DFW_1,BOS_2,ATL_3
742,LAS_5,ORD_6,SLC_7
743,BWI_6,PHX_7,DFW_8
744,MCO_7,CLT_8,EWR_9
745,LAX_3,SEA_4,ORD_5
746,TPA_10,CLT_11,BWI_12
747,ORD_8,SLC_9,DFW_10
748,ORD_6,EWR_7,SEA_8
749,ORD_7,ATL_8,IAH_9
750,LAS_3,PHX_4,LAX_5
751,SEA_8,SFO_9,DFW_10
752,TPA_7,DCA_8,JFK_9
753,LAX_5,ORD_6,DFW_7
754,LAX_2,IAH_3,LAS_4
755,TPA_4,MIA_5,IAH_6
756,MCO_1,IAH_2,SLC_3
757,SFO_7,ORD_8,BWI_9
758,LAX_1,IAD_2,ATL_3
759,MIA_4,PHL_5,CVG_6
760,LAX_6,LAS_7,PIT_8
761,LAX_6,PHX_7,LAS_8
762,STL_9,IAH_10,DFW_11
763,LAX_4,ORD_5,DTW_6
764,LGA_7,ATL_8,SLC_9
765,JFK_9,LAX_10,ORD_11
766,LAX_8,SEA_9,ATL_10
767,LAS_3,LAX_4,MIA_5
768,PIT_10,DFW_11,PHL_12
769,LAX_4,SFO_5,PHX_6
770,TPA_4,DFW_5,BWI_6
771,PHL_5,MCO_6,CVG_7
772,IAD_6,ORD_7,PHX_8
773,MCO_7,ATL_8,DCA_9
774,LAS_1,PHX_2,DFW_3
775,DFW_5,ORD_6,IND_7
776,LAS_3,PHX_4,IND_5
777,DFW_6,IAH_7,IND_8
778,LAX_8,SEA_9,LAX_10
779,EWR_6,LAX_7,PHX_8
780,IAH_4,MCO_5,ATL_6
781,EWR_6,CLE_7,CLT_8
782,ORD_8,BOS_9,MCO_10
783,MSP_1,LAX_2,IND_3
784,PHX_10,LAS_11,PIT_12
785,EWR_5,PIT_6,CLE_7
786,STL_8,CLT_9,MIA_10
787,ATL_1,IND_2,CLE_3
788,ORD_9,MIA_10,LAX_11
789,LAX_2,JFK_3,IAH_4
790,EWR_7,LAX_8,ATL_9
791,PHX_1,LAX_2,EWR_3
792,SLC_9,LAX_10,SLC_11
793,MSP_1,BOS_2,LGA_3
794,LAX_8,ORD_9,IAD_10
795,ORD_7,IAD_8,PHL_9
796,ATL_8,DTW_9,PIT_10
797,EWR_2,ORD_3,LGA_4
798,DTW_3,PIT_4,JFK_5
799,DTW_2,EWR_3,CLT_4
800,ORD_4,BWI_5,ORD_6
801,BOS_9,CVG_10,MSP_11
802,MIA_6,PIT_7,DFW_8
803,IND_10,LAS_11,SLC_12
804,CLE_2,PIT_3,EWR_4
805,PHX_1,CVG_2,PHX_3
806,LAS_5,PHX_6,LAX_7
807,DCA_3,ATL_4,MIA_5
808,JFK_7,SFO_8,DFW_9
809,DFW_6,ATL_7,IND_8
810,LAS_6,SEA_7,LAX_8
811,LAX_8,CLT_9,DFW_10
812,LAS_8,PHX_9,ATL_10
813,IAH_3,DFW_4,EWR_5
814,DFW_4,DCA_5,BOS_6
815,MSP_7,LGA_8,DTW_9
816,PHL_4,DFW_5,CLT_6
817,BWI_4,MCO_5,LGA_6
818,ORD_8,LAX_9,JFK_10
819,LAS_1,PHX_2,LAX_3
820,PHL_10,TPA_11,DTW_12
821,ORD_4,BOS_5,TPA_6
822,ATL_5,MCO_6,ATL_7
823,JFK_4,MIA_5,EWR_6
824,LGA_3,MIA_4,BWI_5
825,DTW_3,PIT_4,ATL_5
826,DFW_6,CLT_7,DTW_8
827,MIA_9,ORD_10,SLC_11
828,LAX_4,STL_5,DCA_6
829,BWI_4,STL_5,DTW_6
830,IND_9,STL_10,ORD_11
831,ORD_1,MSP_2,BOS_3
832,CLT_2,TPA_3,STL_4
833,BOS_1,BWI_2,STL_3
834,IAH_2,LAS_3,DFW_4
835,ORD_1,ATL_2,DCA_3
836,ORD_8,STL_9,ORD_10
837,BOS_8,JFK_9,SEA_10
838,EWR_7,MCO_8,IAD_9
839,MIA_6,EWR_7,MIA_8
840,DCA_10,CLT_11,LGA_12
841,SFO_1,PHX_2,JFK_3
842,LAX_5,LAS_6,PHX_7
843,LAX_4,IAD_5,BOS_6
844,ORD_7,IND_8,PIT_9
845,BOS_4,ORD_5,EWR_6
846,ATL_10,CLE_11,ORD_12
847,JFK_8,SFO_9,JFK_10
848,CLE_9,EWR_10,CLE_11
849,BWI_3,PHX_4,IND_5
850,ATL_3,EWR_4,SFO_5
851,ORD_4,LAX_5,IAD_6
852,ATL_1,ORD_2,MSP_3
853,DTW_8,MCO_9,ATL_10
854,TPA_2,STL_3,LGA_4
855,ATL_4,MIA_5,IAH_6
856,IAH_8,ATL_9,PIT_10
857,SFO_5,EWR_6,MCO_7
858,IAH_6,MIA_7,EWR_8
859,SFO_3,LAX_4,PHX_5
860,LAX_1,EWR_2,DCA_3
861,MCO_2,MIA_3,MEM_4
862,TPA_7,MIA_8,JFK_9
863,ATL_9,SEA_10,SLC_11
864,MSP_8,PHX_9,BWI_10
865,BOS_10,ATL_11,LGA_12
866,DTW_9,ATL_10,PHL_11
867,BOS_1,TPA_2,EWR_3
868,SLC_7,SFO_8,IAD_9
869,LGA_10,DCA_11,CLE_12
870,JFK_7,SFO_8,IAD_9
871,SFO_8,DFW_9,IAH_10
872,EWR_7,DFW_8,MCO_9
873,LAX_3,SLC_4,CVG_5
874,MIA_6,JFK_7,DCA_8
875,EWR_1,DFW_2,LAX_3
876,SLC_3,MSP_4,ORD_5
877,BWI_6,PHX_7,IND_8
878,STL_8,SEA_9,PHX_10
879,MCO_5,ATL_6,STL_7
880,SFO_1,ORD_2,EWR_3
881,EWR_10,MCO_11,MIA_12
882,SFO_8,LAX_9,SEA_10
883,LAX_10,ORD_11,STL_12
884,EWR_2,MSP_3,PHL_4
885,MIA_1,LAX_2,PHX_3
886,DTW_9,ATL_10,LGA_11
887,EWR_7,DTW_8,PHX_9
888,JFK_2,LAX_3,JFK_4
889,MSP_7,LAS_8,PHX_9
890,LAX_7,SFO_8,LAX_9
891,PIT_6,SFO_7,SEA_8
892,BOS_5,DCA_6,EWR_7
893,SFO_9,LAX_10,PHX_11
894,MCO_5,JFK_6,STL_7
895,ATL_1,LAX_2,PHX_3
896,DTW_10,MSP_11,CLE_12
897,MEM_9,ATL_10,MEM_11
898,EWR_9,BOS_10,LGA_11
899,LAX_3,MCO_4,TPA_5
900,MCO_3,ORD_4,MIA_5
901,CLE_7,SFO_8,PHX_9
902,MCO_8,CVG_9,DFW_10
903,LAX_9,DFW_10,LAS_11
904,PIT_3,ATL_4,ORD_5
905,IAH_9,DFW_10,ATL_11
906,EWR_1,BOS_2,PHL_3
907,SFO_3,IAD_4,ORD_5
908,CLT_9,TPA_10,ATL_11
909,ATL_8,MIA_9,JFK_10
910,SFO_2,SEA_3,CVG_4
911,ORD_7,LAS_8,PHX_9
912,DFW_6,DCA_7,BOS_8
913,LAX_2,STL_3,SFO_4
914,LAX_9,SFO_10,LAX_11
915,LAX_2,IAH_3,CLE_4
916,LAS_7,SFO_8,IAD_9
917,CVG_8,LGA_9,ATL_10
918,IAH_10,DCA_11,PIT_12
919,IAD_6,STL_7,BOS_8
920,IND_8,DTW_9,ATL_10
921,LAX_9,IAH_10,STL_11
922,JFK_9,STL_10,DFW_11
923,LAX_5,CLT_6,LAX_7
924,PHX_9,LAS_10,ORD_11
925,PHL_2,ORD_3,SLC_4
926,LAX_3,MEM_4,DFW_5
927,ORD_10,LAX_11,MIA_12
928,DFW_8,SFO_9,ATL_10
929,LAX_10,ATL_11,LAX_12
930,ORD_5,LGA_6,MCO_7
931,SFO_6,ATL_7,EWR_8
932,ATL_10,IAH_11,DFW_12
933,MSP_5,ORD_6,EWR_7
934,MEM_10,STL_11,ORD_12
935,CVG_6,IND_7,ORD_8
936,MCO_1,STL_2,DCA_3
937,DFW_3,MEM_4,DFW_5
938,STL_4,MIA_5,DCA_6
939,DCA_1,BOS_2,CLT_3
940,ATL_4,LGA_5,STL_6
941,SFO_9,EWR_10,IAH_11
942,BWI_6,MCO_7,DTW_8
943,PIT_8,SFO_9,EWR_10
944,CLT_5,ATL_6,CLT_7
945,CLT_3,PHL_4,ORD_5
946,PHX_3,LAX_4,IAH_5
947,ATL_2,LGA_3,DFW_4
948,LGA_6,ORD_7,SLC_8
949,MCO_6,PIT_7,ORD_8
950,TPA_2,ATL_3,LGA_4
951,IND_6,ATL_7,MCO_8
952,IAH_7,TPA_8,CVG_9
953,MIA_1,PHL_2,BOS_3
954,IND_6,PHX_7,IAH_8
955,LGA_2,ORD_3,LAS_4
956,ORD_10,DTW_11,LGA_12
957,MCO_5,LGA_6,ORD_7
958,LAX_6,LAS_7,LAX_8
959,IND_4,DFW_5,BOS_6
960,DTW_4,CLE_5,JFK_6
961,MCO_9,CVG_10,MCO_11
962,SLC_6,ORD_7,SEA_8
963,LGA_4,CLT_5,LGA_6
964,DTW_6,SFO_7,LAX_8
965,ATL_10,ORD_11,PIT_12
966,SFO_9,EWR_10,SEA_11
967,LGA_10,MIA_11,LGA_12
968,EWR_5,CLT_6,IAH_7
969,STL_3,MEM_4,ATL_5
970,IAD_4,EWR_5,IAH_6
971,SFO_9,IND_10,MSP_11
972,MIA_8,DFW_9,ATL_10
973,PIT_6,JFK_7,SFO_8
974,STL_8,IND_9,ATL_10
975,ATL_10,TPA_11,CVG_12
976,ORD_1,SFO_2,ORD_3
977,IAD_7,LGA_8,MCO_9
978,IAH_6,ATL_7,ORD_8
979,IAH_5,DCA_6,LGA_7
980,SFO_7,LAX_8,CLE_9
981,TPA_7,PIT_8,DTW_9
982,MSP_6,ORD_7,STL_8
983,PHL_3,BOS_4,ATL_5
984,LAX_8,PHX_9,LAS_10
985,PIT_4,BOS_5,LGA_6
986,PHX_1,CVG_2,DFW_3
987,MCO_1,DTW_2,EWR_3
988,JFK_5,LAX_6,IAH_7
989,LAX_10,LAS_11,PHX_12
990,EWR_5,STL_6,IND_7
991,LAS_1,SLC_2,ORD_3
992,MCO_3,BOS_4,DCA_5
993,ORD_2,LAX_3,JFK_4
994,JFK_6,PHX_7,LAS_8
995,LAX_4,DFW_5,SFO_6
996,ORD_3,MSP_4,LAX_5
997,SFO_9,DFW_10,ATL_11
998,SFO_5,LAX_6,DFW_7
999,CLE_3,ORD_4,LAS_5
